USE CS4400T81;
/*Excel Peer Support Network*/
INSERT INTO Project VALUES ("Excel Peer Support Network",
"Marnie Williams","mwilliams@gatech.edu",60,
"Excel (www.excel.gatech.edu) is a four-year, dual certificate program for students with intellectual and developmental disabilities. The Peer Support Network is designed to provide the individualized support necessary for Excel students to thrive at Georgia Tech. ",
"Community");
INSERT INTO Requirement VALUES ("Excel Peer Support Network","CS students only");
INSERT INTO Requirement VALUES ("Excel Peer Support Network","senior students only");
INSERT INTO Proj_Is_Category VALUES("Excel Peer Support Network",
"computing for good");
INSERT INTO Proj_Is_Category VALUES("Excel Peer Support Network",
"doing good for your neighborhood");
INSERT INTO Proj_Is_Category VALUES("Excel Peer Support Network",
"reciprocal teaching and learning");
/*ESW Hydroponics/Urban Farming Project */
INSERT INTO Project VALUES ("ESW Hydroponics/Urban Farming Project",
"Nicole Kinnard","nkinnard@gatech.edu",7,
"The Hydroponics/Urban Farming Project experiments with different ways to grow produce in urban areas using limited space and water resources. We investigate both soil-based and hydroponic methods of growing in order to find the most efficient, economically viable, and environmentally sustainable way to grow produce in Atlanta.",
"Sustainable Communities");
INSERT INTO Requirement VALUES ("ESW Hydroponics/Urban Farming Project","Junior students only");
INSERT INTO Proj_Is_Category VALUES ("ESW Hydroponics/Urban Farming Project",
"urban development");
INSERT INTO Proj_Is_Category VALUES ("ESW Hydroponics/Urban Farming Project",
"sustainable communities");
/*Excel Curent Events*/
INSERT INTO Project VALUES ("Excel Current Events",
"Ashley Bidlack","abidlack@gatech.edu",15,
"Excel Current Events is a participation (not for credit) course for degree-seeking students who are interested in developing their communication skills in conversations with adults with intellectual and developmental disabilities.",
"Community"
);
INSERT INTO Requirement VALUES ("Excel Current Events","COC students only");
INSERT INTO Requirement VALUES ("Excel Current Events","senior students only");
INSERT INTO Proj_Is_Category VALUES ("Excel Current Events",
"computing for good");
INSERT INTO Proj_Is_Category VALUES ("Excel Current Events",
"doing good for your neighborhood");
INSERT INTO Proj_Is_Category VALUES ("Excel Current Events",
"reciprocal teaching and learning");
INSERT INTO Proj_Is_Category VALUES ("Excel Current Events",
"technology for social good");
/*Shakespeare in Prison Project*/
INSERT INTO Project VALUES ("Shakespeare in Prison Project",
"Sarah Higinbotham","shiginbotham@gatech.edu",20,
"As the world celebrates the 400th anniversary of Shakespeare’s death in 2016, Georgia Tech students will travel to a high-security men’s prison outside Atlanta to discuss Shakespeare with incarcerated students.",
"Community");
INSERT INTO Requirement VALUES ("Shakespeare in Prison Project","College of Design students only");
INSERT INTO Proj_Is_Category VALUES ("Shakespeare in Prison Project",
"urban development");
INSERT INTO Proj_Is_Category VALUES ("Shakespeare in Prison Project",
"sustainable communities");
/*Know Your Water Project*/
INSERT INTO Project VALUES ("Know Your Water Project",
"Neha Kumar", "nkumar@gatech.edu", 10,
"This project will allow students to be part of a large, crowd-sourced study – at little cost to themselves – to contribute to a knowledge bank of how different communities treat and track their water quality. If you are interested in participating in this study, please let us know.",
"Sustainable Communities");
INSERT INTO Requirement VAlUES ("Know Your Water Project","CS students only");
INSERT INTO Requirement VALUES ("Know Your Water Project","senior students only");
INSERT INTO Proj_Is_Category VALUES ("Know Your Water Project",
"sustainable communities");
INSERT INTO Proj_Is_Category VALUES ("Know Your Water Project",
"crowd sourced");
/*Epic Intentions*/
INSERT INTO Project VALUES ("Epic Intentions",
"Yeji Lee","ylee@gatech.edu",20,
"Epic Intentions connects an interdisciplinary team of students with a local nonprofit to apply technical skills for social and civic good to help make the nonprofits make a greater impact in the community.",
"Community");
INSERT INTO Proj_Is_Category VALUES ("Epic Intentions",
"doing good for your neighborhood");
INSERT INTO Proj_Is_Category VALUES ("Epic Intentions",
"collaborative action");
/*need 14 more projects to meet guidelines:
At least 10 total projects must have multiple categories
At least 10 total projects must have more than one requirement*/
